<?xml version="1.0" encoding="utf-8"?>
<odoo>
    <data noupdate="1">

<!--    Inventory -> Master Data -> Products : read only product with subtype "Normal"-->
        <record id="stock_product_subtype_normal_rule_read" model="ir.rule">
            <field name="name">Stock: users: Can read only product with subtype "Normal"</field>
            <field name="model_id" ref="product.model_product_template"/>
            <field name="domain_force">[('product_subtype', '=', 'normal')]</field>
            <field name="groups" eval="[(4, ref('stock.group_stock_manager')), (4, ref('stock.group_stock_user'))]"/>
            <field name="perm_read" eval="True"/>
            <field name="perm_write" eval="False"/>
            <field name="perm_create" eval="False"/>
            <field name="perm_unlink" eval="False"/>
        </record>
        <record id="stock_product_subtype_normal_rule" model="ir.rule">
            <field name="name">Stock: users: Can read only product with subtype "Normal"</field>
            <field name="model_id" ref="product.model_product_template"/>
            <field name="domain_force">[('product_subtype', '!=', 'normal')]</field>
            <field name="groups" eval="[(4, ref('stock.group_stock_manager')), (4, ref('stock.group_stock_user'))]"/>
            <field name="perm_read" eval="True"/>
            <field name="perm_write" eval="True"/>
            <field name="perm_create" eval="True"/>
            <field name="perm_unlink" eval="True"/>
        </record>


<!--    Inventory -> Configuration -> Products -> Products Categories : read only categories with type "Normal"-->
        <record id="stock_product_category_type_normal_rule_read" model="ir.rule">
            <field name="name">Stock: Managers: Can read only product category with type "Normal"</field>
            <field name="model_id" ref="product.model_product_category"/>
            <field name="domain_force">[('category_type', '=', 'normal')]</field>
            <field name="groups" eval="[(4, ref('stock.group_stock_manager'))]"/>
            <field name="perm_read" eval="1"/>
            <field name="perm_write" eval="0"/>
            <field name="perm_create" eval="0"/>
            <field name="perm_unlink" eval="0"/>
        </record>
        <record id="stock_product_category_type_normal_rule" model="ir.rule">
            <field name="name">Stock: Managers: Can read only product category with type "Normal"</field>
            <field name="model_id" ref="product.model_product_category"/>
            <field name="domain_force">[('category_type', '!=', 'normal')]</field>
            <field name="groups" eval="[(4, ref('stock.group_stock_manager'))]"/>
            <field name="perm_read" eval="1"/>
            <field name="perm_write" eval="1"/>
            <field name="perm_create" eval="1"/>
            <field name="perm_unlink" eval="1"/>
        </record>

    </data>
</odoo>
